{
  "num_jobs": 500,
  "average_duration": 465.2274070210457,
  "total_duration": 3782.548597097397,
  "min_duration": 24.486176252365112,
  "max_duration": 1178.0728888511658,
  "median_duration": 420.4056066274643,
  "percentile_95": 928.4994155526161,
  "percentile_99": 952.8977998781204,
  "job_durations": {
    "26": 43.58556818962097,
    "33": 64.85247707366943,
    "20": 82.10646486282349,
    "12": 923.1045966148376,
    "22": 73.8266613483429,
    "5": 94.50550961494446,
    "21": 956.4897541999817,
    "3": 61.78361916542053,
    "23": 405.0067343711853,
    "1": 911.4701669216156,
    "52": 51.25879979133606,
    "6": 907.1658155918121,
    "2": 461.1750977039337,
    "53": 68.51117992401123,
    "7": 72.0703957080841,
    "4": 931.7524657249451,
    "11": 974.402551651001,
    "9": 789.8975703716278,
    "10": 751.0684003829956,
    "13": 40.785420417785645,
    "55": 60.51965594291687,
    "8": 211.33107781410217,
    "25": 162.18400025367737,
    "43": 103.6507740020752,
    "19": 50.8263418674469,
    "35": 87.44244027137756,
    "50": 60.10293626785278,
    "24": 37.371697187423706,
    "61": 39.79916834831238,
    "17": 51.38162565231323,
    "46": 71.14087796211243,
    "49": 45.69235110282898,
    "64": 919.8218574523926,
    "36": 77.42986702919006,
    "30": 837.5246648788452,
    "27": 137.8728678226471,
    "44": 65.42821168899536,
    "16": 78.97892570495605,
    "34": 921.1651027202606,
    "39": 64.719571352005,
    "32": 787.6913254261017,
    "51": 48.33916115760803,
    "47": 33.743589639663696,
    "29": 40.49432992935181,
    "37": 57.257858991622925,
    "14": 67.82838082313538,
    "41": 219.9081826210022,
    "54": 158.75603342056274,
    "38": 143.94214725494385,
    "42": 224.9438979625702,
    "31": 39.59126424789429,
    "40": 73.79518866539001,
    "48": 124.36605787277222,
    "59": 213.7471170425415,
    "56": 77.3842101097107,
    "58": 137.00574207305908,
    "57": 41.604312896728516,
    "62": 83.77722120285034,
    "15": 75.2568130493164,
    "45": 113.32657814025879,
    "18": 82.93769884109497,
    "60": 914.1091265678406,
    "63": 129.43659210205078,
    "28": 52.349629163742065,
    "65": 425.8044078350067,
    "66": 289.62118434906006,
    "67": 94.68322539329529,
    "68": 130.45896577835083,
    "69": 1178.0728888511658,
    "70": 351.9111235141754,
    "71": 906.5583882331848,
    "72": 817.0103003978729,
    "73": 312.67863154411316,
    "74": 961.2674856185913,
    "75": 81.88736462593079,
    "77": 82.81979656219482,
    "76": 426.4118320941925,
    "78": 174.46540021896362,
    "79": 198.36679077148438,
    "80": 344.59696769714355,
    "81": 74.2145414352417,
    "82": 134.05977654457092,
    "83": 596.5044314861298,
    "84": 100.90332865715027,
    "85": 154.783944606781,
    "86": 266.04345750808716,
    "87": 370.42686343193054,
    "88": 80.48360347747803,
    "89": 941.6085431575775,
    "90": 801.2090203762054,
    "91": 935.8862295150757,
    "92": 658.1754949092865,
    "93": 455.9511420726776,
    "94": 404.21904945373535,
    "95": 89.5226833820343,
    "96": 425.0565915107727,
    "97": 101.20186352729797,
    "98": 97.51040196418762,
    "99": 907.9615504741669,
    "100": 282.6180374622345,
    "101": 254.66682958602905,
    "102": 900.822270154953,
    "103": 231.34065413475037,
    "104": 221.7551393508911,
    "105": 702.404394865036,
    "106": 790.6459913253784,
    "107": 489.69701385498047,
    "108": 833.0232825279236,
    "109": 401.49922013282776,
    "110": 886.0064055919647,
    "111": 457.26637268066406,
    "112": 903.8353228569031,
    "113": 279.32757925987244,
    "114": 905.0270156860352,
    "115": 844.3102433681488,
    "116": 932.6826324462891,
    "117": 478.2017903327942,
    "118": 650.170628786087,
    "119": 903.5574266910553,
    "120": 289.8491795063019,
    "121": 736.9000468254089,
    "122": 798.7168583869934,
    "123": 320.2725827693939,
    "124": 265.38702487945557,
    "125": 415.701384305954,
    "126": 553.571142911911,
    "127": 799.2768092155457,
    "128": 677.8547027111053,
    "129": 622.235720872879,
    "130": 392.0397493839264,
    "131": 667.8851728439331,
    "132": 673.8637192249298,
    "133": 374.13116550445557,
    "134": 602.2351634502411,
    "135": 538.6943738460541,
    "136": 911.8727686405182,
    "137": 930.2913637161255,
    "138": 500.5162003040314,
    "139": 207.84514236450195,
    "140": 920.0332384109497,
    "141": 925.022129535675,
    "142": 731.4357120990753,
    "143": 317.2123260498047,
    "144": 950.303902387619,
    "145": 465.55679178237915,
    "146": 340.6185133457184,
    "147": 496.450555562973,
    "148": 913.3882400989532,
    "149": 481.85937094688416,
    "150": 417.63647866249084,
    "151": 394.1380934715271,
    "152": 384.0869526863098,
    "153": 371.1148705482483,
    "154": 375.9937222003937,
    "155": 297.9794433116913,
    "156": 316.0123281478882,
    "157": 285.86686635017395,
    "158": 300.8700773715973,
    "159": 250.45848727226257,
    "160": 376.90589928627014,
    "161": 915.2165987491608,
    "162": 934.107753276825,
    "163": 219.45421314239502,
    "164": 203.67837953567505,
    "166": 225.70927667617798,
    "165": 236.242036819458,
    "167": 268.8456003665924,
    "168": 156.92229747772217,
    "169": 633.0890979766846,
    "170": 904.7247517108917,
    "171": 208.43872451782227,
    "173": 123.82580018043518,
    "172": 158.4347803592682,
    "174": 941.4921560287476,
    "175": 920.1942455768585,
    "176": 196.98340034484863,
    "177": 936.1304314136505,
    "178": 340.26797008514404,
    "179": 100.58012628555298,
    "180": 115.87666511535645,
    "181": 110.53659319877625,
    "182": 99.77423644065857,
    "183": 105.41871309280396,
    "184": 668.454925775528,
    "185": 106.9310872554779,
    "186": 937.7437915802002,
    "187": 76.40166926383972,
    "188": 918.313732624054,
    "189": 80.71006155014038,
    "190": 918.5457167625427,
    "191": 289.6104066371918,
    "192": 80.8712146282196,
    "193": 73.27457046508789,
    "194": 40.215299129486084,
    "195": 54.22226333618164,
    "196": 49.57634973526001,
    "197": 53.72228717803955,
    "198": 662.4597516059875,
    "199": 184.86925411224365,
    "200": 42.91656494140625,
    "201": 933.096789598465,
    "202": 37.20080900192261,
    "204": 923.98171210289,
    "203": 44.9398992061615,
    "205": 51.30995059013367,
    "206": 143.3961160182953,
    "207": 24.486176252365112,
    "208": 921.3051424026489,
    "209": 194.40912985801697,
    "210": 953.9474122524261,
    "211": 94.15005326271057,
    "212": 489.7500011920929,
    "213": 621.0083599090576,
    "215": 936.7388620376587,
    "214": 95.18427157402039,
    "216": 924.8056600093842,
    "217": 189.54199886322021,
    "218": 899.9394707679749,
    "219": 920.2511696815491,
    "220": 933.3944375514984,
    "223": 173.01953148841858,
    "222": 85.61316275596619,
    "221": 56.994792461395264,
    "224": 918.404777765274,
    "225": 372.9310073852539,
    "226": 927.8293271064758,
    "227": 924.9582743644714,
    "228": 925.1982188224792,
    "229": 918.2093460559845,
    "230": 373.2361488342285,
    "231": 901.6312229633331,
    "232": 107.78585028648376,
    "233": 191.82436418533325,
    "234": 921.3132441043854,
    "235": 295.34766387939453,
    "237": 659.1918540000916,
    "236": 258.766966342926,
    "238": 364.94128799438477,
    "239": 348.193256855011,
    "240": 286.798712015152,
    "241": 618.2478134632111,
    "242": 748.3448441028595,
    "243": 861.9022989273071,
    "244": 928.3834376335144,
    "245": 801.9179220199585,
    "246": 918.974287033081,
    "247": 913.43385887146,
    "248": 448.50970339775085,
    "249": 446.0940935611725,
    "250": 654.8043839931488,
    "251": 914.1981801986694,
    "252": 742.3723342418671,
    "253": 202.61485767364502,
    "254": 554.6237914562225,
    "255": 718.7314908504486,
    "256": 690.8961775302887,
    "257": 801.3377394676208,
    "258": 866.3941473960876,