{
  "num_jobs": 500,
  "average_duration": 215.50492782592772,
  "total_duration": 2345.8025376796722,
  "min_duration": 29.727916479110718,
  "max_duration": 972.5488677024841,
  "median_duration": 180.7034147977829,
  "percentile_95": 492.2940912485123,
  "percentile_99": 926.5224445486068,
  "job_durations": {
    "12": 57.40616583824158,
    "17": 52.43177604675293,
    "4": 115.68650794029236,
    "5": 240.36286640167236,
    "3": 116.11645030975342,
    "7": 100.94900012016296,
    "1": 82.28085541725159,
    "8": 83.80123805999756,
    "2": 75.42072439193726,
    "40": 87.40978741645813,
    "9": 122.34151530265808,
    "11": 58.04178524017334,
    "6": 271.86196756362915,
    "10": 121.14744639396667,
    "15": 77.88292169570923,
    "36": 77.883056640625,
    "31": 48.455491065979004,
    "19": 208.87839818000793,
    "29": 65.22065806388855,
    "37": 55.33614492416382,
    "33": 75.05418014526367,
    "21": 364.9150414466858,
    "18": 131.7480697631836,
    "32": 77.76390147209167,
    "39": 49.65177774429321,
    "44": 41.584352016448975,
    "28": 82.02913022041321,
    "48": 150.31772708892822,
    "38": 74.88391613960266,
    "24": 77.35996842384338,
    "25": 58.04049730300903,
    "27": 53.7597451210022,
    "34": 273.388475894928,
    "35": 84.72314190864563,
    "30": 92.19394564628601,
    "43": 268.0787715911865,
    "22": 41.795445680618286,
    "49": 50.554476261138916,
    "14": 67.37756037712097,
    "45": 93.0207450389862,
    "13": 47.45147204399109,
    "20": 65.48119854927063,
    "16": 64.01694869995117,
    "47": 36.80013155937195,
    "23": 77.14358162879944,
    "26": 29.727916479110718,
    "57": 145.55662751197815,
    "41": 123.5209174156189,
    "56": 39.691078186035156,
    "54": 69.6476776599884,
    "52": 38.73773789405823,
    "50": 55.659215450286865,
    "62": 85.35733652114868,
    "53": 73.78241658210754,
    "51": 44.20081830024719,
    "61": 40.462231397628784,
    "63": 56.243048429489136,
    "60": 277.99757409095764,
    "46": 220.57200026512146,
    "55": 246.48640871047974,
    "64": 94.20137596130371,
    "59": 145.24994945526123,
    "58": 53.859604835510254,
    "42": 243.8230745792389,
    "65": 82.09703373908997,
    "66": 98.58602952957153,
    "67": 70.41105461120605,
    "68": 77.90415668487549,
    "69": 113.5588629245758,
    "70": 181.47174215316772,
    "71": 56.62219476699829,
    "72": 321.8500442504883,
    "73": 162.0400378704071,
    "74": 241.53649759292603,
    "76": 388.38333654403687,
    "75": 100.34122776985168,
    "77": 50.008464336395264,
    "78": 60.40564560890198,
    "79": 87.47621560096741,
    "80": 52.08135676383972,
    "81": 78.3545982837677,
    "82": 108.84364295005798,
    "83": 76.61788821220398,
    "84": 58.95327305793762,
    "85": 72.79727268218994,
    "86": 255.24369931221008,
    "87": 81.50128126144409,
    "88": 34.6892511844635,
    "89": 145.80824637413025,
    "90": 72.50120258331299,
    "91": 190.47572922706604,
    "92": 82.58927941322327,
    "93": 59.59637093544006,
    "94": 88.91122317314148,
    "95": 139.24034523963928,
    "97": 42.612470865249634,
    "96": 207.65481448173523,
    "98": 65.30808115005493,
    "99": 121.70549440383911,
    "100": 394.24377036094666,
    "101": 52.506306648254395,
    "102": 77.11711716651917,
    "103": 64.96439814567566,
    "104": 170.45375442504883,
    "105": 176.66935968399048,
    "106": 176.61088109016418,
    "107": 97.70613503456116,
    "108": 62.54832315444946,
    "109": 59.79372978210449,
    "110": 79.05339550971985,
    "111": 77.9581413269043,
    "112": 197.23721027374268,
    "113": 71.41111969947815,
    "114": 60.455509424209595,
    "115": 110.7775297164917,
    "117": 146.705561876297,
    "116": 206.74445629119873,
    "118": 900.3947703838348,
    "119": 89.56706118583679,
    "120": 57.12175536155701,
    "121": 350.30844807624817,
    "122": 75.46786785125732,
    "123": 202.16882014274597,
    "124": 65.13281083106995,
    "125": 70.04325246810913,
    "126": 65.9163806438446,
    "127": 855.6052436828613,
    "129": 45.381330490112305,
    "128": 100.2695586681366,
    "130": 50.88425588607788,
    "131": 144.16179513931274,
    "132": 83.70483446121216,
    "133": 45.175453901290894,
    "134": 155.16918468475342,
    "135": 74.36026406288147,
    "136": 90.36679792404175,
    "138": 59.149394035339355,
    "137": 267.5982677936554,
    "139": 39.53950786590576,
    "140": 111.25525760650635,
    "141": 293.29462218284607,
    "142": 168.60831809043884,
    "143": 38.86067771911621,
    "144": 94.68813514709473,
    "145": 237.64847016334534,
    "146": 302.6795885562897,
    "147": 367.89817070961,
    "148": 195.02536797523499,
    "149": 120.26344180107117,
    "150": 204.11716222763062,
    "151": 95.34385704994202,
    "152": 88.50466442108154,
    "153": 102.0379011631012,
    "154": 209.98067378997803,
    "155": 72.25524067878723,
    "157": 90.10439705848694,
    "156": 114.57262969017029,
    "158": 154.40910840034485,
    "159": 283.806391954422,
    "160": 133.69797468185425,
    "161": 72.23710012435913,
    "162": 75.73997592926025,
    "163": 197.64763808250427,
    "164": 170.20137858390808,
    "165": 87.64228200912476,
    "166": 227.04409742355347,
    "167": 123.2689437866211,
    "168": 77.2802209854126,
    "169": 334.16549491882324,
    "170": 214.15509486198425,
    "171": 401.2674207687378,
    "172": 301.66968393325806,
    "173": 189.42139291763306,
    "174": 110.73786401748657,
    "176": 178.01100134849548,
    "175": 755.2636313438416,
    "177": 314.03279089927673,
    "178": 67.67001914978027,
    "179": 49.10955739021301,
    "180": 92.85875606536865,
    "181": 75.59641361236572,
    "182": 328.21757411956787,
    "183": 213.96879172325134,
    "184": 122.9727475643158,
    "185": 157.24041080474854,
    "186": 228.69616293907166,
    "187": 92.11733937263489,
    "188": 193.4569709300995,
    "189": 51.58864378929138,
    "190": 68.58539986610413,
    "191": 136.39683532714844,
    "192": 369.042765378952,
    "193": 66.72503566741943,
    "194": 248.3288927078247,
    "195": 53.9462833404541,
    "196": 110.73802590370178,
    "197": 130.1394271850586,
    "198": 137.45736575126648,
    "199": 234.57558703422546,
    "200": 51.08304166793823,
    "201": 114.4288101196289,
    "202": 107.86368870735168,
    "203": 190.59730124473572,
    "204": 152.69009828567505,
    "205": 204.16249823570251,
    "206": 70.03959965705872,
    "207": 348.4265332221985,
    "208": 185.0441393852234,
    "209": 217.4048821926117,
    "210": 111.0419569015503,
    "212": 259.81110405921936,
    "211": 184.09890604019165,
    "213": 248.20275282859802,
    "214": 142.11483526229858,
    "215": 232.90277194976807,
    "216": 363.99350929260254,
    "217": 298.98606753349304,
    "218": 203.5717601776123,
    "219": 235.40520238876343,
    "220": 382.2347934246063,
    "221": 90.89271688461304,
    "222": 94.90590953826904,
    "223": 210.7487497329712,
    "224": 227.403489112854,
    "225": 146.3013756275177,
    "226": 214.7850317955017,
    "227": 120.23458552360535,
    "228": 972.5488677024841,
    "229": 110.68186068534851,
    "230": 110.57594752311707,
    "231": 270.6550512313843,
    "232": 179.2019965648651,
    "233": 188.39688515663147,
    "234": 210.78560161590576,
    "235": 180.55217099189758,
    "236": 92.72865176200867,
    "237": 338.0481882095337,
    "238": 323.51234793663025,
    "239": 217.918958902359,
    "240": 187.44138526916504,
    "241": 270.981162071228,
    "242": 346.16171288490295,
    "243": 207.68342471122742,
    "244": 142.87303352355957,
    "245": 216.4311978816986,
    "246": 223.79706048965454,
    "247": 386.286828994751,
    "248": 474.73433232307434,
    "249": 220.99699687957764,
    "250": 214.24242877960205,
    "251": 193.18864035606384,
    "252": 218.2073209285736,
    "253": 85.05342674255371,
    "254": 144.4729781150818,
    "255": 167.4693102836609,
    "256": 524.8662557601929,